date,open,high,low,close,volume
2023-01-11,143.69,145.5,142.9,145.48,816341.0
2023-01-12,146.39,146.39,144.73,145.55,545287.0
2023-01-13,144.66,146.825,144.66,146.13,622723.0
2023-01-17,146.61,147.01,144.47,144.63,1190503.0
2023-01-18,144.62,144.92,140.82,141.42,939642.0
2023-01-19,141.0,141.745,138.44,139.03,1381920.0
2023-01-20,139.92,142.65,138.67,142.5,1058334.0
2023-01-23,142.77,143.47,141.64,143.05,884954.0
2023-01-24,143.38,144.47,140.78,144.08,918443.0
2023-01-25,142.65,143.26,141.46,142.8,1145230.0
2023-01-26,143.87,144.3,141.73,143.55,927000.0
2023-01-27,142.67,144.42,142.26,143.9,967874.0
2023-01-30,143.17,143.765,141.99,142.31,798361.0
2023-01-31,142.93,145.02,142.07,144.92,1020562.0
2023-02-01,144.63,146.045,142.37,145.15,1841973.0
2023-02-02,145.5,146.14,143.03,144.52,1912626.0
2023-02-03,144.0,146.65,143.73,146.38,1301942.0
2023-02-06,145.72,148.06,145.72,147.09,1833327.0
2023-02-07,145.8,147.06,144.02,146.74,1056824.0
2023-02-08,146.55,146.74,144.701,144.97,832123.0
2023-02-09,146.17,146.83,143.9104,144.36,725566.0
2023-02-10,144.33,145.28,144.0,144.69,879186.0
2023-02-13,144.95,146.615,144.63,145.83,1146235.0
2023-02-14,145.13,146.0,143.56,144.37,1074256.0
2023-02-15,143.97,146.25,143.83,146.2,648063.0
2023-02-16,144.4,145.5,144.34,144.55,609380.0
2023-02-17,144.32,146.865,143.93,146.49,853828.0
2023-02-21,145.01,145.7,142.525,143.0,712559.0
2023-02-22,143.75,144.175,141.905,142.34,1033469.0
2023-02-23,141.94,143.285,140.51,142.77,1100654.0
2023-02-24,141.25,141.67,140.06,140.94,1115531.0
2023-02-27,142.23,142.56,140.82,141.35,1128923.0
2023-02-28,141.34,142.67,141.01,141.56,1046457.0
2023-03-01,140.93,142.32,140.93,141.65,733577.0
2023-03-02,140.96,142.65,140.46,142.34,782702.0
2023-03-03,143.62,144.13,142.15,143.93,589481.0
2023-03-06,143.74,144.73,143.025,143.4,647016.0
2023-03-07,143.56,143.56,140.04,140.08,876092.0
2023-03-08,140.15,141.15,139.47,140.77,1145157.0
2023-03-09,141.34,141.66,138.095,138.94,1620443.0
2023-03-10,139.11,139.49,135.08,135.72,891701.0
2023-03-13,134.41,136.81,133.3,135.35,1091353.0
2023-03-14,137.64,138.8,136.22,138.51,1274008.0
2023-03-15,135.76,135.81,131.52,134.0,1619198.0
2023-03-16,133.29,136.48,132.92,135.84,1194654.0
2023-03-17,136.07,136.07,133.16,134.99,1856032.0
2023-03-20,136.24,138.58,134.99,138.54,1240690.0
2023-03-21,140.35,140.845,138.725,140.07,960360.0
2023-03-22,139.98,141.6,138.23,138.46,1039297.0
2023-03-23,138.24,139.85,136.79,138.35,1271244.0
2023-03-24,136.77,139.37,135.85,139.32,1053874.0
2023-03-27,140.28,140.91,139.29,139.79,784276.0
2023-03-28,139.95,141.22,139.37,141.14,673921.0
2023-03-29,142.0,142.46,141.16,142.24,799206.0
2023-03-30,143.52,143.9699,142.14,142.83,585238.0
2023-03-31,143.51,145.51,143.07,145.33,1159745.0
2023-04-03,144.44,145.43,143.36,144.25,1104510.0
2023-04-04,144.06,144.13,138.92,139.06,964395.0
2023-04-05,138.06,138.51,134.4,135.67,1605913.0
2023-04-06,135.24,136.45,134.5,135.25,1175833.0
2023-04-10,134.31,136.81,133.88,136.78,924272.0
2023-04-11,137.05,137.7,136.67,137.02,1109404.0
2023-04-12,138.0,139.02,137.71,138.53,1232269.0
2023-04-13,138.55,138.58,135.96,138.45,1142152.0
2023-04-14,138.4,140.05,137.68,138.35,828105.0
2023-04-17,138.67,139.495,138.02,139.22,999877.0
2023-04-18,139.89,140.34,138.71,139.25,839832.0
2023-04-19,139.24,139.27,137.3,137.57,827020.0
2023-04-20,136.83,137.98,136.3,137.97,888780.0
2023-04-21,138.32,138.32,136.65,137.58,850357.0
2023-04-24,137.52,138.265,137.21,137.72,642946.0
2023-04-25,137.45,137.855,135.84,135.92,1064967.0
2023-04-26,134.56,135.99,133.12,133.74,1149382.0
2023-04-27,134.42,137.42,133.77,137.37,1393826.0
2023-04-28,136.89,138.3,136.64,137.93,1412938.0
2023-05-01,137.92,140.03,137.73,139.34,1509344.0
2023-05-02,141.23,146.37,140.81,145.6,2050784.0
2023-05-03,146.16,147.88,144.43,144.58,1026806.0
2023-05-04,144.5,144.795,142.4,142.92,1463039.0
2023-05-05,144.11,145.23,143.49,145.02,717564.0
2023-05-08,145.47,145.61,143.95,145.02,630893.0
2023-05-09,144.62,145.3,144.01,144.41,601276.0
2023-05-10,145.67,146.3,142.72,144.68,756407.0
2023-05-11,144.14,144.14,142.66,143.76,720796.0
2023-05-12,145.03,145.51,143.985,145.42,957496.0
2023-05-15,145.82,146.525,145.2,146.34,1012232.0
2023-05-16,145.7,146.0,143.85,144.56,1083896.0
2023-05-17,145.45,146.74,144.73,145.93,910398.0
2023-05-18,146.27,148.28,145.44,147.79,856352.0
2023-05-19,149.11,149.47,146.98,147.57,880500.0
2023-05-22,147.85,148.97,147.2,147.93,730992.0
2023-05-23,146.88,147.67,145.96,145.97,912019.0
2023-05-24,145.44,145.64,143.73,144.26,952450.0
2023-05-25,144.82,146.23,144.32,145.73,811865.0
2023-05-26,146.06,148.34,145.99,148.22,725938.0
2023-05-30,148.07,148.9,147.38,147.53,622912.0
2023-05-31,146.88,147.12,144.61,145.07,1734802.0
2023-06-01,145.63,146.95,144.67,146.95,838176.0
2023-06-02,148.4,151.195,147.86,150.68,821806.0
2023-06-05,150.51,150.71,148.27,148.79,1431568.0
2023-06-06,148.65,150.26,148.23,149.29,1292823.0
2023-06-07,149.64,151.52,148.85,151.13,910206.0
2023-06-08,150.81,151.51,150.36,150.41,1198793.0
2023-06-09,149.95,150.92,149.25,150.29,774457.0
2023-06-12,150.54,151.54,149.69,151.18,581075.0
2023-06-13,151.18,153.71,151.135,153.47,1162132.0
2023-06-14,153.86,154.48,152.48,153.6,934878.0
2023-06-15,153.41,156.91,153.28,156.7,1115921.0
2023-06-16,158.61,158.61,155.6701,155.91,1750309.0
2023-06-20,154.78,155.85,154.405,155.34,815795.0
2023-06-21,154.87,156.97,153.91,156.57,820720.0
2023-06-22,156.55,157.04,155.36,156.03,930307.0
2023-06-23,154.75,157.11,154.35,156.06,1112362.0
2023-06-26,156.35,158.159,156.22,157.38,963005.0
2023-06-27,157.67,159.86,157.2224,159.58,797862.0
2023-06-28,159.41,159.59,158.33,158.78,653052.0
2023-06-29,158.57,160.54,158.03,160.14,689015.0
2023-06-30,161.19,162.69,160.35,161.88,1035481.0
2023-07-03,160.68,161.35,159.125,160.81,374740.0
2023-07-05,157.93,159.6,157.6,158.45,789756.0
2023-07-06,157.44,157.61,156.17,156.76,1061486.0
2023-07-07,156.28,157.805,155.81,157.08,1090847.0
2023-07-10,157.27,158.91,156.9,157.52,1783836.0
2023-07-11,157.9,158.245,156.29,157.56,1064681.0
2023-07-12,158.61,158.69,157.14,157.51,1386615.0
2023-07-13,157.78,158.4325,156.705,158.27,909810.0
2023-07-14,158.09,159.0,156.795,157.54,705823.0
2023-07-17,157.49,158.5019,156.89,157.9,715118.0
2023-07-18,157.74,159.3,157.74,158.87,812532.0
2023-07-19,157.92,158.57,156.21,157.48,888972.0
2023-07-20,158.11,158.42,156.82,158.09,723048.0
2023-07-21,158.17,158.635,157.46,157.53,645017.0
2023-07-24,158.05,158.8,157.51,158.23,616484.0
2023-07-25,157.25,158.88,157.25,158.72,624959.0
2023-07-26,157.87,159.44,157.29,158.76,686522.0
2023-07-27,159.27,160.0,157.74,157.86,910110.0
2023-07-28,158.82,159.3648,157.7425,158.25,805176.0
2023-07-31,158.85,159.28,157.93,158.6,1365981.0
2023-08-01,157.58,164.7499,156.01,159.45,1518282.0
2023-08-02,160.77,161.43,158.39,158.69,1020717.0
2023-08-03,158.41,158.92,157.32,157.85,941302.0
2023-08-04,158.39,158.73,156.16,156.57,606286.0
2023-08-07,157.58,160.74,157.58,160.6,770094.0
2023-08-08,160.01,160.76,158.15,160.5,969430.0
2023-08-09,160.69,160.69,159.215,159.72,894226.0
2023-08-10,159.63,161.01,158.48,158.92,721350.0
2023-08-11,158.88,159.25,157.95,158.22,560420.0
2023-08-14,158.25,158.69,157.6,158.12,456705.0
2023-08-15,157.7,157.725,156.4,156.66,530043.0
2023-08-16,156.52,157.82,155.9,156.04,633989.0
2023-08-17,156.73,156.73,152.55,152.98,1285692.0
2023-08-18,152.56,154.88,152.52,154.45,1142328.0
2023-08-21,154.69,155.01,153.03,154.62,616753.0
2023-08-22,155.42,155.84,154.0,154.69,501512.0
2023-08-23,155.61,156.61,154.89,156.29,543730.0
2023-08-24,156.36,157.515,154.8,154.87,567740.0
2023-08-25,155.64,158.13,155.32,157.59,540078.0
2023-08-28,157.82,159.4,157.82,158.51,418009.0
2023-08-29,158.26,160.52,158.01,159.56,755288.0
2023-08-30,159.97,160.58,159.32,160.29,513912.0
2023-08-31,160.25,161.0525,159.51,159.51,735607.0
2023-09-01,160.26,160.93,159.73,160.65,471290.0
2023-09-05,160.77,160.77,157.07,157.12,774893.0
2023-09-06,157.26,158.44,156.48,157.1,1641343.0
2023-09-07,156.97,157.91,155.34,156.64,1069540.0
2023-09-08,156.13,156.6152,153.56,153.9,1018925.0
2023-09-11,154.48,154.94,152.16,153.45,790226.0
2023-09-12,152.79,154.01,151.36,151.66,939513.0
2023-09-13,150.97,152.54,150.85,152.49,1395955.0
2023-09-14,153.44,153.8564,151.445,152.86,1151317.0
2023-09-15,151.77,152.7,150.57,151.63,1279650.0
2023-09-18,151.78,154.11,151.6,152.47,969525.0
2023-09-19,152.05,153.16,151.46,152.66,1161593.0
2023-09-20,153.33,154.72,151.25,151.41,786783.0
2023-09-21,151.01,151.57,149.635,151.03,1447732.0
2023-09-22,150.61,152.57,150.52,151.66,1681140.0
2023-09-25,151.06,153.4,151.06,152.51,1527482.0
2023-09-26,151.72,153.03,148.54,149.27,1519438.0
2023-09-27,150.09,150.26,148.0,148.86,1044975.0
2023-09-28,148.09,150.36,147.73,148.82,972345.0
2023-09-29,149.83,149.92,147.57,147.76,964808.0
2023-10-02,147.72,148.205,146.195,147.42,821322.0
2023-10-03,146.6,148.56,146.6,147.96,934051.0
2023-10-04,148.23,150.54,147.6425,150.12,1055918.0
2023-10-05,150.07,150.4478,147.7,148.41,883287.0
2023-10-06,148.05,151.055,147.44,150.22,878432.0
2023-10-09,149.68,151.465,149.2725,151.32,519079.0
2023-10-10,151.73,152.695,151.1,151.28,548652.0
2023-10-11,151.27,152.58,151.27,152.25,685706.0
2023-10-12,152.25,152.635,150.27,151.12,733384.0
2023-10-13,151.04,151.405,147.72,148.64,923933.0
2023-10-16,149.85,151.12,149.55,150.47,608170.0
2023-10-17,149.86,151.18,149.19,149.75,924252.0
2023-10-18,148.41,148.41,143.93,143.96,933484.0
2023-10-19,144.71,146.47,143.23,143.65,1935377.0
2023-10-20,143.91,144.63,141.43,141.57,1136651.0
2023-10-23,141.54,142.565,140.66,140.86,862607.0
2023-10-24,142.27,142.27,140.32,140.97,745370.0
2023-10-25,140.55,141.1,139.05,139.66,825927.0
2023-10-26,141.4,141.91,139.69,139.84,810616.0
2023-10-27,139.54,140.66,138.86,139.22,818696.0
2023-10-30,140.25,140.625,138.6,140.12,1335585.0
2023-10-31,136.89,143.4051,136.89,140.77,1428608.0
2023-11-01,141.84,142.955,140.86,142.4,1284672.0
2023-11-02,143.41,143.97,141.265,143.7,1208928.0
2023-11-03,145.33,145.92,143.56,143.7,1034698.0
2023-11-06,143.68,143.9199,142.44,143.46,768570.0
2023-11-07,142.49,146.65,141.6525,146.5,1858064.0
2023-11-08,147.15,148.67,146.52,147.9,1519373.0
2023-11-09,148.87,149.455,147.12,147.46,1403539.0
2023-11-10,148.8,151.25,148.35,150.8,1233572.0
2023-11-13,150.27,151.76,150.04,151.38,1193128.0
2023-11-14,153.32,155.2,152.4,154.73,1365195.0
2023-11-15,154.68,155.19,152.73,153.1,1471602.0
2023-11-16,153.58,154.81,153.1,153.97,1122539.0
2023-11-17,154.57,155.82,154.21,155.66,1107754.0
2023-11-20,155.85,155.85,154.19,154.81,696413.0
2023-11-21,154.54,155.74,154.27,155.4,585379.0
2023-11-22,155.61,156.06,154.96,155.65,494172.0
2023-11-24,156.07,156.4,155.5,156.18,248528.0
2023-11-27,154.9,154.9,153.58,154.06,813574.0
2023-11-28,153.52,154.4,152.45,152.53,555095.0
2023-11-29,153.68,154.08,152.43,152.88,710138.0
2023-11-30,153.62,155.39,152.51,155.23,1477056.0
2023-12-01,155.55,157.365,154.81,157.05,690968.0
2023-12-04,156.17,157.32,155.57,157.29,1394486.0
2023-12-05,156.96,156.96,155.31,155.5,657231.0
2023-12-06,156.5,157.55,155.775,156.48,1080446.0
2023-12-07,156.21,156.295,154.69,155.91,1028486.0
2023-12-08,156.44,157.687,156.34,157.16,1256021.0
2023-12-11,157.97,159.39,157.63,157.73,1612406.0
2023-12-12,158.14,161.985,157.68,161.34,1358801.0
2023-12-13,161.8,162.08,159.61,161.49,1290801.0
2023-12-14,162.72,164.55,162.02,164.07,1443953.0
2023-12-15,163.17,164.55,162.395,163.13,1451256.0
2023-12-18,163.4,163.585,162.09,163.25,571683.0
2023-12-19,163.98,164.16,162.785,163.39,717257.0
2023-12-20,162.7,164.47,161.72,161.82,720332.0
2023-12-21,162.64,163.79,162.07,163.69,500372.0
2023-12-22,164.39,165.04,163.57,164.2,413591.0
2023-12-26,164.49,165.26,164.32,164.9,576994.0
2023-12-27,164.7,165.11,164.1,164.54,664646.0
2023-12-28,164.58,165.417,164.265,165.12,501526.0
2023-12-29,164.92,165.52,164.21,164.89,560768.0
2024-01-02,163.76,164.575,161.95,162.87,798499.0
2024-01-03,162.58,162.58,160.03,160.6,1033658.0
2024-01-04,161.14,161.81,160.35,160.48,697906.0
2024-01-05,159.98,160.94,159.28,160.74,554102.0
2024-01-08,160.85,162.06,159.93,161.88,638494.0
2024-01-09,161.4,163.2,160.11,163.0,822369.0
2024-01-10,163.2,163.84,162.11,163.68,638304.0
2024-01-11,165.0,165.49,162.85,163.93,631879.0
2024-01-12,164.92,165.0,162.78,163.44,800983.0
2024-01-16,163.21,163.765,161.44,163.61,1040683.0
2024-01-17,162.65,163.46,159.99,160.07,1011451.0
2024-01-18,160.3,162.46,160.0,162.31,1013849.0
2024-01-19,162.59,162.915,161.47,162.03,1304394.0
2024-01-22,162.78,163.95,162.29,163.16,1300394.0
2024-01-23,163.64,165.26,162.43,165.12,970307.0
2024-01-24,166.36,166.65,162.5,162.74,802600.0
2024-01-25,164.06,164.52,163.15,164.12,584690.0
2024-01-26,164.66,164.97,163.32,163.52,426887.0
2024-01-29,162.77,165.37,162.71,165.33,982169.0
2024-01-30,165.14,166.64,164.51,165.87,855611.0
2024-01-31,165.76,165.76,161.93,162.05,1043907.0
2024-02-01,163.51,165.9,162.36,165.87,1206791.0
2024-02-02,165.35,168.54,164.66,167.44,1300996.0
2024-02-05,166.09,167.58,164.78,166.99,1396374.0
2024-02-06,167.96,167.96,163.79,166.08,1559284.0
2024-02-07,166.67,168.635,166.12,166.73,1098415.0
2024-02-08,167.6,167.83,165.55,166.3,976437.0
2024-02-09,166.41,168.605,166.41,168.5,814739.0
2024-02-12,168.8,169.3,167.63,168.42,882241.0
2024-02-13,166.44,168.13,164.62,168.04,1969340.0
2024-02-14,168.79,173.79,168.5,173.41,2079256.0
2024-02-15,174.21,174.9405,171.35,173.74,1525977.0
2024-02-16,173.65,175.0,173.32,173.89,1016386.0
2024-02-20,172.99,175.365,172.51,174.81,1311749.0
2024-02-21,174.75,175.655,173.24,174.8,847001.0
2024-02-22,176.4,178.67,176.2783,178.21,835298.0
2024-02-23,178.79,179.23,177.03,178.2,964726.0
2024-02-26,178.28,180.12,177.77,178.89,1163478.0
2024-02-27,179.28,179.54,176.69,177.77,781052.0
2024-02-28,178.0,179.67,177.31,178.72,544759.0
2024-02-29,178.81,180.74,178.24,180.18,1819626.0
2024-03-01,180.11,181.41,179.54,180.68,1534781.0
2024-03-04,181.12,182.17,180.68,181.1,850172.0
2024-03-05,180.67,180.845,178.4101,179.45,629974.0
2024-03-06,180.17,181.28,179.585,180.36,819831.0
2024-03-07,181.37,182.21,180.72,181.58,620375.0
2024-03-08,181.79,182.72,181.09,181.44,648139.0
2024-03-11,180.8,181.31,178.92,180.86,582582.0
2024-03-12,180.91,182.35,180.33,181.83,696866.0
2024-03-13,181.82,182.22,180.66,181.53,1182765.0
2024-03-14,182.07,182.38,180.81,181.62,664408.0
2024-03-15,180.34,182.97,180.34,181.52,1255205.0
2024-03-18,182.33,183.71,182.0,182.08,699814.0
2024-03-19,181.8,182.82,181.43,181.93,963687.0
2024-03-20,182.27,184.21,181.4,184.2,1022018.0
2024-03-21,184.56,186.325,182.73,184.91,1051610.0
2024-03-22,185.03,185.83,182.76,183.15,780317.0
2024-03-25,183.15,183.38,182.4,182.76,652718.0
2024-03-26,182.0,183.25,181.53,181.67,752368.0
2024-03-27,182.17,184.22,181.7897,183.72,670828.0
2024-03-28,183.51,183.89,182.56,182.9,1043545.0
2024-04-01,182.99,183.0,180.31,180.46,772505.0
2024-04-02,180.73,181.52,179.79,180.37,921880.0
2024-04-03,180.38,182.5,180.38,181.11,739596.0
2024-04-04,182.36,182.85,179.0,179.34,845493.0
2024-04-05,180.64,182.655,179.79,182.22,763735.0
2024-04-08,182.36,182.99,180.75,180.92,659792.0
2024-04-09,181.2,181.555,178.815,181.18,749050.0
2024-04-10,178.96,181.69,178.04,179.75,1376022.0
2024-04-11,179.97,181.35,178.585,180.5,845037.0
2024-04-12,178.63,180.105,178.12,179.71,826319.0
2024-04-15,182.34,182.805,178.55,179.04,919413.0
2024-04-16,178.83,180.54,178.0,179.09,896166.0
2024-04-17,179.45,180.03,177.24,178.05,900870.0
2024-04-18,179.21,179.6,176.71,177.27,629044.0
2024-04-19,178.14,178.73,176.77,177.7,806643.0
2024-04-22,178.52,179.33,177.22,177.86,642997.0
2024-04-23,179.1,180.41,178.58,179.85,600975.0
2024-04-24,180.68,181.14,177.04,178.22,867347.0
2024-04-25,177.13,178.78,176.37,177.93,998698.0
2024-04-26,178.16,179.01,177.45,177.51,637924.0
2024-04-29,177.81,178.46,176.875,177.69,701507.0
2024-04-30,177.69,178.075,174.38,174.66,1138334.0
2024-05-01,174.22,176.22,173.564,173.98,1267970.0
2024-05-02,170.0,171.125,161.96,163.34,2896067.0
2024-05-03,163.7,166.88,162.78,166.56,2065100.0
2024-05-06,167.0,169.23,166.92,168.05,1468645.0
2024-05-07,168.21,169.91,168.21,169.58,1008450.0
2024-05-08,169.19,169.84,168.3,169.14,988200.0
2024-05-09,169.28,171.27,168.86,169.9,1266278.0
2024-05-10,171.01,171.57,170.39,170.8,1193660.0
2024-05-13,171.26,171.56,169.8,170.1,826734.0
2024-05-14,170.0,170.95,168.3,168.53,1400220.0
2024-05-15,169.53,170.975,169.21,169.63,1137072.0
2024-05-16,169.2,170.075,167.82,167.91,978244.0
2024-05-17,168.33,168.33,166.27,166.8,1678589.0
2024-05-20,167.08,169.5437,166.66,168.6,959851.0
2024-05-21,168.14,169.39,167.36,169.13,1044344.0
2024-05-22,171.3,174.47,170.55,174.13,1785536.0
2024-05-23,175.38,176.055,172.62,172.72,1480440.0
2024-05-24,173.28,173.865,172.6637,173.66,1030677.0
2024-05-28,173.7,174.415,168.21,168.31,1211820.0
2024-05-29,167.15,168.59,166.19,166.71,1281785.0
2024-05-30,166.64,168.24,166.24,167.69,1036828.0
2024-05-31,167.94,169.97,166.085,169.58,2005817.0
2024-06-03,170.0,170.26,164.83,166.21,1301902.0
2024-06-04,165.81,166.94,164.51,166.87,970654.0
2024-06-05,167.595,168.71,166.99,168.65,875625.0
2024-06-06,168.72,169.175,167.48,168.69,1222066.0
2024-06-07,168.79,170.5,168.22,170.0,1265385.0
2024-06-10,169.78,173.42,169.78,173.0,1677445.0
2024-06-11,172.25,172.63,171.32,172.53,1315220.0
2024-06-12,174.21,176.06,173.18,173.71,1171987.0
2024-06-13,174.27,174.86,172.53,173.92,811129.0
2024-06-14,171.82,172.045,164.54,167.02,1875898.0
2024-06-17,166.24,169.03,165.79,168.52,1486898.0
2024-06-18,168.35,171.09,167.58,170.9,1660935.0
2024-06-20,170.44,170.75,168.3,168.52,1248370.0
2024-06-21,169.08,169.7425,166.35,168.67,1601078.0
2024-06-24,169.57,172.0,168.79,171.46,1132763.0
2024-06-25,170.96,171.23,167.69,168.72,687930.0
2024-06-26,168.0,168.0,166.41,166.58,761520.0
2024-06-27,166.57,167.95,165.9,166.47,1169250.0
2024-06-28,166.81,167.88,165.68,166.71,1750032.0
2024-07-01,168.06,168.09,165.2,165.57,953258.0
2024-07-02,165.36,166.51,164.72,166.1,705688.0
2024-07-03,166.62,167.5,166.11,166.3,531345.0
2024-07-05,166.4,166.83,164.4,165.65,787832.0
2024-07-08,166.55,167.49,164.39,164.5,1903703.0
2024-07-09,165.01,165.61,163.89,164.13,1492691.0
2024-07-10,164.14,166.18,163.93,165.87,847617.0
2024-07-11,166.47,170.77,166.07,169.32,1099898.0
2024-07-12,170.63,172.13,169.06,169.52,874055.0
2024-07-15,169.6,172.97,169.12,172.11,1259190.0
2024-07-16,173.03,177.04,172.51,176.01,1505481.0
2024-07-17,175.8,177.37,174.89,175.03,1060169.0
2024-07-18,174.15,175.52,171.57,171.73,1031432.0
2024-07-19,173.02,173.02,169.12,169.16,886993.0
2024-07-22,170.83,173.11,169.51,172.97,782659.0
2024-07-23,172.16,173.43,171.71,171.87,814102.0
2024-07-24,171.14,171.225,166.88,166.95,924979.0
2024-07-25,167.29,171.61,166.56,168.52,725679.0
2024-07-26,170.62,174.03,169.925,172.27,864601.0
2024-07-29,172.17,173.22,171.56,171.9,882768.0
2024-07-30,172.73,174.57,170.9623,172.35,878335.0
2024-07-31,174.55,175.97,173.12,173.48,1143920.0
2024-08-01,165.0,167.0,156.54,159.13,4505942.0
2024-08-02,157.65,157.65,150.46,152.74,4082230.0
2024-08-05,150.5,156.65,149.03,154.69,3114081.0
2024-08-06,155.21,159.61,155.12,156.98,1820452.0
2024-08-07,158.3,160.25,156.24,156.83,2319267.0
2024-08-08,157.7,159.32,156.09,158.85,1666832.0
2024-08-09,158.82,160.89,156.98,159.52,1812809.0
2024-08-12,160.78,162.57,159.94,160.76,2157291.0
2024-08-13,160.63,162.18,158.87,161.31,1282242.0
2024-08-14,161.16,162.96,160.77,161.48,1008089.0
2024-08-15,163.83,166.32,162.46,163.15,879871.0
2024-08-16,162.5,163.54,161.74,162.69,1039517.0
2024-08-19,162.95,164.81,162.72,164.67,938911.0
2024-08-20,164.84,165.86,164.39,164.86,1031468.0
2024-08-21,164.89,166.82,164.65,165.89,791365.0
2024-08-22,165.95,167.37,164.96,165.22,1060784.0
2024-08-23,165.92,167.91,165.51,167.39,999349.0
2024-08-26,168.18,169.58,166.85,168.32,635050.0
2024-08-27,168.07,168.465,167.19,167.98,686295.0
2024-08-28,169.0,170.86,167.5,168.59,831508.0
2024-08-29,169.77,170.87,168.73,169.38,856335.0
2024-08-30,169.97,171.37,168.9,171.05,1235645.0
2024-09-03,170.26,171.11,165.97,166.68,1152597.0
2024-09-04,166.21,168.2,165.26,167.49,1107300.0
2024-09-05,166.88,167.72,164.465,165.15,1002139.0
2024-09-06,165.43,166.99,163.22,163.64,835941.0
2024-09-09,165.19,165.5,163.5,164.3,1321587.0
2024-09-10,165.25,165.25,163.33,164.94,797897.0
2024-09-11,164.83,165.52,162.25,165.26,1553355.0
2024-09-12,165.19,167.84,163.8925,166.89,1106541.0
2024-09-13,167.64,169.08,167.1,167.51,920579.0
2024-09-16,168.64,169.54,167.41,168.35,839640.0
2024-09-17,168.91,170.88,168.27,168.57,853107.0
2024-09-18,169.5,171.55,168.09,169.43,1211442.0
2024-09-19,172.7,172.7,169.93,172.25,866425.0
2024-09-20,171.27,171.39,170.02,171.1,1237497.0
2024-09-23,171.51,172.75,170.47,171.09,641788.0
2024-09-24,171.69,171.69,169.82,170.54,1408886.0
2024-09-25,171.73,172.76,170.92,171.25,1672425.0
2024-09-26,173.0,173.5,170.78,171.97,1789097.0
2024-09-27,172.56,173.87,171.31,172.07,1183353.0
2024-09-30,171.7,172.3,169.5,171.71,1017931.0
2024-10-01,171.93,172.27,168.98,169.1,1869917.0
2024-10-02,168.46,169.38,167.285,168.2,2644523.0
2024-10-03,167.59,169.24,166.17,169.1,2125955.0
2024-10-04,170.81,170.925,168.77,170.11,718388.0
2024-10-07,166.24,167.71,165.39,166.54,1891229.0
2024-10-08,167.14,167.77,166.26,166.92,1127420.0
2024-10-09,167.69,169.08,167.3,168.82,887592.0
2024-10-10,167.63,169.15,166.95,168.9,793737.0
2024-10-11,169.04,171.58,169.04,170.39,1171269.0
2024-10-14,170.75,171.71,170.215,171.57,2034202.0
2024-10-15,171.96,173.12,169.04,169.38,1160584.0
2024-10-16,169.38,170.38,168.8,169.71,1505406.0
2024-10-17,170.64,170.92,168.63,169.68,1223211.0
2024-10-18,170.21,170.73,168.8,169.4,719148.0
2024-10-21,169.94,170.64,168.755,169.36,858564.0
2024-10-22,168.42,168.87,167.09,168.38,678156.0
2024-10-23,167.57,168.64,165.89,166.67,772197.0
2024-10-24,166.81,167.59,165.419,166.58,1096702.0
2024-10-25,167.83,168.19,166.505,166.96,603943.0
2024-10-28,168.46,169.03,167.77,168.05,1044809.0
2024-10-29,167.38,168.315,165.74,167.49,915639.0
2024-10-30,167.11,168.96,166.65,168.91,1557615.0
2024-10-31,179.62,184.1725,178.7,183.34,2562036.0
2024-11-01,182.61,183.48,177.96,178.43,1962659.0
2024-11-04,179.68,181.01,178.61,179.92,959752.0
2024-11-05,179.77,182.28,179.58,182.02,1227838.0
2024-11-06,188.69,192.195,187.465,190.32,2384059.0
2024-11-07,190.49,191.18,188.75,188.95,832256.0
2024-11-08,189.13,191.445,188.76,190.92,832913.0
2024-11-11,192.01,193.04,190.36,191.57,1228486.0
2024-11-12,192.04,194.27,190.68,194.0,1867655.0
2024-11-13,193.56,196.7,192.41,195.42,1429718.0
2024-11-14,193.91,195.43,192.01,193.75,1122335.0
2024-11-15,193.3,194.64,192.46,193.1,2148706.0
2024-11-18,193.285,193.32,192.12,193.24,818774.0
2024-11-19,191.1,193.5,191.0,193.46,1321008.0
2024-11-20,194.06,194.06,191.3,193.33,1003348.0
2024-11-21,194.44,195.9699,193.01,195.76,1136313.0
2024-11-22,195.95,197.83,194.58,197.38,1052805.0
2024-11-25,198.0,198.33,196.255,197.12,1526537.0
2024-11-26,197.15,197.15,195.19,197.02,1285019.0
2024-11-27,197.28,197.375,195.06,195.1,748542.0
2024-11-29,195.45,196.02,194.38,194.38,1098721.0
2024-12-02,195.45,196.4,194.37,195.56,1093088.0
2024-12-03,195.45,195.9,193.32,194.33,1717945.0
2024-12-04,193.96,195.505,193.44,195.0,890928.0
2024-12-05,195.0,196.15,193.73,193.96,1390822.0
2024-12-06,193.72,195.38,191.14,191.54,995677.0
2024-12-09,191.4,192.61,189.51,189.89,1027948.0
2024-12-10,190.01,190.83,187.63,188.6,1044260.0
2024-12-11,190.42,190.97,188.245,188.66,662572.0
2024-12-12,189.02,189.92,188.25,188.45,774316.0
2024-12-13,188.8,189.6,187.2,187.38,827104.0
2024-12-16,190.46,191.06,189.07,189.38,1122445.0
2024-12-17,189.78,190.44,186.32,186.71,1217235.0
2024-12-18,187.28,187.76,180.63,180.76,962569.0
2024-12-19,182.36,183.05,181.04,182.11,1423396.0
2024-12-20,182.12,184.445,181.39,183.36,2334762.0
2024-12-23,182.58,183.13,181.77,182.07,915466.0
2024-12-24,181.77,184.05,181.15,184.05,348917.0
2024-12-26,183.51,184.325,182.8028,183.72,594611.0
2024-12-27,182.48,183.84,181.44,182.45,523956.0
2024-12-30,180.8,181.505,179.26,180.74,601752.0
2024-12-31,180.82,181.695,179.85,180.26,589368.0
2025-01-02,181.96,181.96,177.91,178.33,713786.0
2025-01-03,178.52,180.17,177.57,179.57,540488.0
2025-01-06,180.5,181.67,178.82,179.43,1730758.0
2025-01-07,179.76,180.62,177.965,178.69,480936.0
2025-01-08,177.36,178.57,176.26,178.45,645451.0
2025-01-10,176.24,177.71,175.36,176.15,1430875.0
2025-01-13,174.49,176.71,174.11,176.5,1007250.0
2025-01-14,177.9,180.47,177.02,179.15,735030.0
2025-01-15,181.84,181.84,179.17,180.06,683213.0
2025-01-16,182.0,182.93,180.21,180.86,1698871.0
2025-01-17,184.5,184.5,180.075,180.73,2612858.0
2025-01-21,182.21,185.09,180.84,184.7,2765975.0
2025-01-22,186.19,189.0,185.0,188.7,1832781.0
2025-01-23,189.08,191.18,187.8,190.43,1487856.0
2025-01-24,190.2,190.71,187.49,187.98,1314209.0
2025-01-27,186.12,187.98,183.92,184.95,1177125.0
2025-01-28,183.93,184.49,181.69,182.89,1030039.0
2025-01-29,183.37,184.41,182.1,182.52,764964.0
2025-01-30,183.46,186.94,182.945,186.0,1120413.0
2025-01-31,186.07,186.9,184.56,184.56,1117011.0
2025-02-03,180.61,184.97,180.07,184.13,2025706.0
2025-02-04,176.0,183.68,175.635,180.5,3000102.0
2025-02-05,182.3,182.45,178.69,180.23,2095315.0
2025-02-06,180.81,182.96,180.23,182.9,1226653.0
2025-02-07,184.94,186.4,182.9,184.51,1646797.0
2025-02-10,185.61,186.53,182.96,185.97,1226437.0
2025-02-11,185.25,186.13,182.92,185.32,1139560.0
2025-02-12,182.93,186.15,181.98,185.5,1394729.0
2025-02-13,185.58,186.22,183.74,184.43,855274.0
2025-02-14,184.11,185.0,182.69,183.54,1041782.0
2025-02-18,184.46,185.36,182.9701,184.36,1104848.0
2025-02-19,183.8,188.9,183.16,188.86,1104173.0
2025-02-20,188.86,189.29,187.51,188.78,1036217.0
2025-02-21,188.4,189.19,184.455,186.19,1202713.0
2025-02-24,186.11,187.82,184.51,185.78,1087547.0
2025-02-25,185.38,187.89,184.77,186.95,1483200.0
2025-02-26,187.85,190.17,187.22,188.18,1180278.0
2025-02-27,188.7,190.25,186.94,187.33,851353.0
2025-02-28,188.03,190.03,185.91,189.3,2096782.0
2025-03-03,190.17,191.83,185.6,186.55,1108258.0
2025-03-04,184.11,184.93,181.75,183.33,1605857.0
2025-03-05,183.81,185.75,183.02,185.04,2119208.0
2025-03-06,183.76,184.84,181.18,184.14,1436861.0
2025-03-07,182.99,184.5,180.97,183.99,1773293.0
2025-03-10,181.16,183.39,178.58,179.37,1814090.0
2025-03-11,179.69,179.885,176.68,178.86,1238482.0
2025-03-12,180.91,181.65,176.62,177.21,943505.0
2025-03-13,176.6,176.955,172.42,172.91,1721265.0
2025-03-14,175.41,176.44,173.18,176.14,1336182.0
2025-03-17,175.36,179.885,175.36,178.63,688229.0
2025-03-18,177.79,178.61,175.62,176.08,895229.0
2025-03-19,176.36,177.975,175.355,177.07,1052212.0
2025-03-20,175.68,177.4,175.0,175.93,864167.0
2025-03-21,174.44,175.65,172.675,174.52,1422683.0
2025-03-24,176.57,179.2,176.48,178.82,1676552.0
2025-03-25,179.49,180.04,177.94,179.7,1166263.0
2025-03-26,178.85,180.335,175.97,176.9,933823.0
2025-03-27,176.8,177.495,174.67,175.56,1586486.0
2025-03-28,174.89,175.77,170.02,170.39,1101504.0
2025-03-31,169.0,172.34,166.95,172.14,1498832.0
2025-04-01,171.74,173.08,170.1724,171.89,903222.0
2025-04-02,168.87,173.02,168.76,172.72,2488208.0
2025-04-03,166.91,167.515,161.0205,161.49,1872974.0
2025-04-04,156.41,156.985,151.14,152.66,2753044.0
2025-04-07,149.45,156.63,145.02,153.33,3049654.0
2025-04-08,157.26,157.59,148.72,151.41,2260018.0
2025-04-09,149.66,162.37,148.3,161.0,3042853.0
2025-04-10,157.79,159.465,153.47,157.42,1688888.0
2025-04-11,156.43,159.41,153.53,158.95,2007471.0
2025-04-14,160.96,162.73,159.59,161.36,1133537.0
2025-04-15,161.52,162.77,159.85,160.21,758163.0
2025-04-16,158.31,160.99,157.425,158.52,1070063.0
2025-04-17,159.6,160.53,157.416,157.81,1698888.0
2025-04-21,156.0,156.33,153.73,155.25,1075923.0
2025-04-22,155.55,159.84,155.55,159.65,1659235.0
2025-04-23,164.06,165.25,161.5,162.19,1755378.0
2025-04-24,162.2,167.695,162.19,167.24,1253441.0
2025-04-25,166.89,168.0,165.715,166.69,711153.0
2025-04-28,166.99,168.45,165.07,166.29,955058.0
2025-04-29,166.18,168.89,165.74,167.8,948503.0
2025-04-30,166.73,169.78,164.85,169.58,1654601.0
2025-05-01,167.92,169.66,163.2,167.26,1861664.0
2025-05-02,169.84,170.74,169.26,170.07,1160346.0
2025-05-05,169.12,171.095,168.995,170.27,1476404.0
2025-05-06,168.95,170.12,167.75,167.85,777638.0
2025-05-07,169.19,170.445,168.485,169.71,840909.0
2025-05-08,170.66,173.72,170.465,171.57,1144953.0
2025-05-09,172.2,173.22,170.945,171.75,1257909.0
2025-05-12,177.58,180.51,176.515,179.38,2214411.0
2025-05-13,179.98,182.33,179.98,180.5,1582678.0
2025-05-14,180.17,180.395,178.715,179.36,1254789.0
2025-05-15,179.22,180.75,178.79,180.21,1335237.0
2025-05-16,180.86,182.88,180.1491,182.75,1167568.0
2025-05-19,180.93,182.44,180.93,181.88,949446.0
2025-05-20,180.46,181.385,180.31,180.8,832785.0
2025-05-21,179.43,180.0,177.25,177.68,1270590.0
2025-05-22,177.0,179.765,175.85,178.54,788888.0
2025-05-23,176.13,178.51,175.38,177.64,1108463.0
2025-05-27,179.71,180.97,178.0,180.81,1178407.0
2025-05-28,181.32,181.654,178.53,178.97,941783.0
2025-05-29,179.75,180.56,178.6,180.04,1269931.0
2025-05-30,180.04,180.435,177.87,178.74,2078721.0
2025-06-02,177.84,177.84,174.88,176.32,1220814.0
2025-06-03,176.22,177.89,175.61,177.71,2114844.0
2025-06-04,178.6,178.6,176.84,177.21,1106005.0
2025-06-05,178.1,178.59,175.98,176.93,1112268.0
2025-06-06,178.6,179.35,177.89,178.35,1041040.0
2025-06-09,178.75,179.55,178.06,178.64,877214.0
2025-06-10,178.81,180.04,178.07,179.87,1154923.0
2025-06-11,179.68,181.73,178.69,180.9,1843721.0
2025-06-12,178.91,180.395,178.43,179.97,1042237.0
2025-06-13,177.7,179.02,176.37,176.96,1261501.0
2025-06-16,178.71,179.18,177.52,178.63,1450071.0
2025-06-17,177.83,178.14,175.07,175.55,967914.0
2025-06-18,175.51,178.9,175.365,177.76,1332693.0
2025-06-20,179.59,179.82,176.23,176.69,2794326.0
2025-06-23,176.18,177.48,174.47,177.28,1461261.0
2025-06-24,177.28,179.4,176.66,179.24,1523752.0
2025-06-25,179.05,179.1199,176.89,178.0,1115916.0
2025-06-26,178.69,180.83,178.26,179.82,1074981.0
2025-06-27,180.44,181.48,179.67,180.53,1601306.0
2025-06-30,180.51,181.46,179.57,180.96,1600767.0
2025-07-01,180.18,183.97,179.51,183.06,1094521.0
2025-07-02,182.4,183.13,181.615,181.99,977662.0
2025-07-03,183.0,184.37,182.1,184.19,719336.0
2025-07-07,183.83,184.04,181.18,182.37,1558838.0
2025-07-08,182.17,183.2,180.83,181.33,1827260.0
2025-07-09,182.83,183.08,180.09,182.28,1168609.0
2025-07-10,182.21,183.68,181.2,181.44,1152466.0
2025-07-11,180.29,181.48,179.78,180.97,839398.0
2025-07-14,179.31,179.99,177.58,178.36,1420845.0
2025-07-15,179.35,179.35,176.33,176.44,1585206.0
2025-07-16,176.82,177.29,174.43,177.05,1717381.0
2025-07-17,177.22,179.84,176.69,179.7,1241237.0
2025-07-18,180.31,180.31,178.1,178.51,1011971.0
2025-07-21,178.78,179.785,177.925,178.09,1676089.0
2025-07-22,177.67,179.32,177.26,179.2,1088905.0
2025-07-23,181.18,181.665,180.33,181.28,751290.0
2025-07-24,181.35,181.69,179.61,179.72,1545761.0
2025-07-25,179.96,180.78,179.02,180.09,1566161.0
2025-07-28,180.64,180.885,178.6,178.84,1394648.0
2025-07-29,179.35,179.9934,178.1,178.96,1473220.0
2025-07-30,179.51,180.08,175.61,176.76,2286617.0
2025-07-31,180.98,189.2,180.9,184.85,3163296.0
2025-08-01,183.02,184.13,179.9,182.36,1725017.0
2025-08-04,183.45,185.035,183.02,184.49,1959850.0
2025-08-05,187.81,190.0,184.26,184.95,1919822.0
2025-08-06,184.72,186.31,184.075,185.47,1157388.0
2025-08-07,187.64,188.105,181.834,182.24,1088300.0
2025-08-08,183.57,183.7,181.515,182.08,814829.0
2025-08-11,182.35,183.1,181.6226,182.52,810160.0
2025-08-12,183.0,185.02,182.1,184.94,1050754.0
2025-08-13,185.33,187.09,183.775,186.91,1139702.0
2025-08-14,185.95,186.78,183.96,184.78,845656.0
2025-08-15,185.61,185.61,181.17,181.36,1556622.0
2025-08-18,181.83,183.07,181.13,182.62,1757153.0
2025-08-19,183.35,185.38,182.975,185.2,1073247.0
2025-08-20,184.8,185.56,183.075,183.34,874052.0
2025-08-21,182.56,184.2597,181.72,183.44,1030422.0
2025-08-22,184.34,188.0,183.86,186.95,970435.0
2025-08-25,187.3,187.81,184.805,185.57,962282.0
2025-08-26,185.11,186.82,184.47,186.78,1922047.0
2025-08-27,186.37,187.6,185.7,186.55,1061925.0
2025-08-28,187.89,187.89,186.255,186.73,846458.0
2025-08-29,186.42,187.54,184.48,184.8,809679.0
2025-09-02,183.95,184.82,182.5,184.81,948133.0
2025-09-03,183.96,184.7399,182.26,184.35,892045.0
2025-09-04,184.33,187.88,183.61,187.87,1105692.0
2025-09-05,188.97,189.3,185.73,187.45,1064297.0
2025-09-08,187.63,188.76,186.0,188.67,1635377.0
2025-09-09,188.15,188.67,185.81,187.48,937986.0
2025-09-10,186.59,189.1599,186.19,187.41,880108.0
2025-09-11,187.82,192.33,187.595,192.03,1119244.0
2025-09-12,191.01,191.895,189.76,189.93,813138.0
2025-09-15,189.92,190.575,187.64,189.56,925579.0
2025-09-16,189.43,189.95,186.388,187.27,1060917.0
2025-09-17,188.17,188.94,185.56,186.25,1400342.0
2025-09-18,187.31,189.74,186.54,188.7,1551945.0
2025-09-19,189.39,189.445,187.3,187.87,1570693.0
2025-09-22,187.65,189.11,186.89,188.45,748441.0
2025-09-23,188.67,190.0,186.155,186.68,1474502.0
2025-09-24,187.01,187.61,185.64,186.17,1199076.0
2025-09-25,185.17,185.87,183.68,184.39,1112783.0
2025-09-26,184.96,186.75,184.16,186.38,782980.0
2025-09-29,187.73,189.18,186.095,186.87,1299906.0
2025-09-30,186.78,189.01,186.61,188.0,1836065.0
2025-10-01,186.88,189.07,186.74,187.44,849312.0
2025-10-02,187.54,188.79,185.46,186.13,1050771.0
2025-10-03,186.36,186.82,183.555,183.75,1874774.0
2025-10-06,187.0,187.09,182.42,182.99,1360121.0
2025-10-07,183.98,183.98,181.25,181.42,1283216.0
2025-10-08,182.6,183.33,180.5,183.19,1359079.0
2025-10-09,183.9,184.86,181.78,183.31,1051543.0
2025-10-10,184.04,185.73,179.235,179.28,961601.0
2025-10-13,180.14,183.06,179.785,182.24,900773.0
2025-10-14,180.69,186.73,180.16,185.78,1439082.0
2025-10-15,187.51,188.17,183.57,185.78,1181415.0
2025-10-16,186.44,186.82,183.65,184.49,781684.0
2025-10-17,184.15,186.09,183.07,185.47,1079708.0
2025-10-20,186.97,188.0,186.0,187.39,767473.0
2025-10-21,187.0,189.34,186.66,188.3,691288.0
2025-10-22,188.84,189.26,184.89,184.94,781211.0
2025-10-23,185.6,189.765,185.31,189.2,1066846.0
2025-10-24,189.95,189.95,186.375,187.14,1386507.0
2025-10-27,187.38,188.4599,185.815,186.75,1106757.0
2025-10-28,186.73,186.995,184.06,185.1,1595680.0
2025-10-29,185.06,187.14,182.87,184.19,2201834.0
2025-10-30,196.17,200.42,192.27,198.32,3522872.0
2025-10-31,198.77,204.15,197.77,202.11,2816623.0
2025-11-03,201.66,202.43,197.06,198.71,1551875.0
2025-11-04,196.99,198.465,196.4,198.06,939466.0
2025-11-05,198.02,199.81,197.01,198.06,1147025.0
2025-11-06,197.67,198.73,195.81,197.25,1084948.0
2025-11-07,196.68,197.01,193.975,196.29,1417447.0
2025-11-10,196.7,198.6,195.0,198.01,1306855.0
2025-11-11,197.66,198.15,194.45,197.64,1079218.0
2025-11-12,198.4,200.71,196.63,196.79,1482413.0
2025-11-13,196.42,197.28,193.47,194.15,1524888.0
2025-11-14,193.0,194.76,192.15,193.36,1731110.0
2025-11-17,193.89,195.65,190.685,191.19,1656520.0
2025-11-18,191.01,191.48,188.82,189.9,1619719.0
2025-11-19,189.62,192.44,188.47,191.57,1420147.0
2025-11-20,193.89,194.91,189.06,190.02,1619840.0
2025-11-21,190.41,196.0,190.25,195.02,1605814.0
2025-11-24,194.74,195.99,194.01,195.22,2272560.0
2025-11-25,196.56,198.11,194.5,197.22,1219835.0
2025-11-26,196.95,197.895,196.25,196.28,1677940.0
2025-11-28,196.42,198.53,196.1,197.89,905207.0
2025-12-01,196.46,198.265,195.57,195.61,1319362.0
2025-12-02,196.18,198.27,195.295,197.29,1266484.0
2025-12-03,196.86,199.36,195.68,199.22,960608.0
2025-12-04,199.13,200.88,198.34,199.22,1029711.0
2025-12-05,199.04,201.3899,198.32,199.8,1562450.0
2025-12-08,199.29,201.09,198.6472,199.26,1072968.0
2025-12-09,199.425,199.425,195.82,195.97,1005981.0
2025-12-10,196.51,201.8,196.08,200.66,1645573.0
2025-12-11,200.62,204.2399,199.865,203.84,1994998.0
2025-12-12,204.22,204.425,200.62,201.74,1489913.0
2025-12-15,201.71,203.39,201.3,203.19,1611340.0
2025-12-16,202.8,203.78,200.83,201.78,1533642.0
2025-12-17,200.48,202.2,199.069,199.9,1783239.0
2025-12-18,201.35,202.82,199.99,201.96,1799513.0
2025-12-19,203.17,203.57,201.75,203.29,3791452.0
2025-12-22,203.61,206.365,203.025,206.23,1212060.0
2025-12-23,208.0,210.14,207.0,208.56,1421211.0
2025-12-24,209.03,209.33,207.9851,208.28,425104.0
2025-12-26,207.92,208.49,207.36,208.45,497963.0
2025-12-29,208.31,208.98,207.41,208.69,1081004.0
2025-12-30,208.0,208.9,206.91,207.03,728770.0
2025-12-31,206.81,207.87,205.101,205.31,810454.0
2026-01-02,206.0,209.28,205.1001,209.14,879427.0
2026-01-05,208.17,212.64,208.13,211.31,1075415.0
2026-01-06,210.44,214.6,208.9525,214.16,1159296.0
2026-01-07,213.9,214.4518,210.66,211.18,1201261.0
2026-01-08,211.17,213.5,209.73,210.04,1222921.0
2026-01-09,210.04,211.85,209.285,210.64,849926.0
2026-01-12,209.92,211.75,208.905,209.76,1236021.0
2026-01-13,210.32,211.7925,209.07,211.73,1040034.0
2026-01-14,211.43,212.145,209.27,211.12,916067.0
2026-01-15,213.41,215.36,211.64,215.02,1093067.0
2026-01-16,214.94,215.85,213.06,215.65,1318484.0
2026-01-20,213.12,215.4,210.78,213.14,1220086.0
2026-01-21,216.36,221.35,215.41,220.42,1969569.0
2026-01-22,222.14,223.79,220.73,221.92,1955492.0
2026-01-23,223.91,224.37,219.6395,220.74,2177757.0
2026-01-26,220.6,221.23,218.26,219.8,1098536.0
2026-01-27,218.16,220.74,217.45,220.56,856149.0
2026-01-28,219.49,224.365,219.08,222.49,1261721.0
2026-01-29,223.95,226.68,223.42,226.62,1286239.0
2026-01-30,225.87,227.79,222.565,223.98,1294048.0
2026-02-02,223.06,229.03,222.47,227.72,2252283.0
2026-02-03,224.79,233.17,223.38,228.92,3044432.0
2026-02-04,231.52,234.56,225.68,227.83,2630007.0
2026-02-05,226.59,230.76,226.2,229.79,1741610.0
2026-02-06,232.12,233.56,230.0,231.91,1169360.0
2026-02-09,231.17,234.46,230.85,233.41,834122.0
2026-02-10,234.11,235.36,232.75,234.92,173148.0
